-- phpMyAdmin SQL Dump
-- version 5.2.1
-- https://www.phpmyadmin.net/
--
-- Host: 127.0.0.1
-- Generation Time: Aug 25, 2024 at 01:33 PM
-- Server version: 10.4.32-MariaDB
-- PHP Version: 8.1.25

SET SQL_MODE = "NO_AUTO_VALUE_ON_ZERO";
START TRANSACTION;
SET time_zone = "+00:00";


/*!40101 SET @OLD_CHARACTER_SET_CLIENT=@@CHARACTER_SET_CLIENT */;
/*!40101 SET @OLD_CHARACTER_SET_RESULTS=@@CHARACTER_SET_RESULTS */;
/*!40101 SET @OLD_COLLATION_CONNECTION=@@COLLATION_CONNECTION */;
/*!40101 SET NAMES utf8mb4 */;

--
-- Database: `sertifikasi3`
--

-- --------------------------------------------------------

--
-- Table structure for table `admin_account`
--

CREATE TABLE `admin_account` (
  `id` bigint(20) UNSIGNED NOT NULL,
  `email` varchar(255) NOT NULL,
  `password` varchar(255) NOT NULL,
  `created_at` timestamp NULL DEFAULT NULL,
  `updated_at` timestamp NULL DEFAULT NULL
) ENGINE=InnoDB DEFAULT CHARSET=utf8mb4 COLLATE=utf8mb4_unicode_ci;

--
-- Dumping data for table `admin_account`
--

INSERT INTO `admin_account` (`id`, `email`, `password`, `created_at`, `updated_at`) VALUES
(1, 'admin@gmail.com', '12345678', NULL, NULL);

-- --------------------------------------------------------

--
-- Table structure for table `agama`
--

CREATE TABLE `agama` (
  `id` bigint(20) UNSIGNED NOT NULL,
  `nama` varchar(255) NOT NULL,
  `created_at` timestamp NULL DEFAULT NULL,
  `updated_at` timestamp NULL DEFAULT NULL
) ENGINE=InnoDB DEFAULT CHARSET=utf8mb4 COLLATE=utf8mb4_unicode_ci;

--
-- Dumping data for table `agama`
--

INSERT INTO `agama` (`id`, `nama`, `created_at`, `updated_at`) VALUES
(1, 'ISLAM', '2024-08-24 15:47:34', '2024-08-24 15:47:34'),
(2, 'KATOLIK', '2024-08-24 15:47:34', '2024-08-24 15:47:34'),
(3, 'KRISTEN', '2024-08-24 15:47:34', '2024-08-24 15:47:34'),
(4, 'HINDU', '2024-08-24 15:47:34', '2024-08-24 15:47:34'),
(5, 'BUDHA', '2024-08-24 15:47:34', '2024-08-24 15:47:34'),
(6, 'LAIN-LAIN', '2024-08-24 15:47:34', '2024-08-24 15:47:34');

-- --------------------------------------------------------

--
-- Table structure for table `failed_jobs`
--

CREATE TABLE `failed_jobs` (
  `id` bigint(20) UNSIGNED NOT NULL,
  `uuid` varchar(255) NOT NULL,
  `connection` text NOT NULL,
  `queue` text NOT NULL,
  `payload` longtext NOT NULL,
  `exception` longtext NOT NULL,
  `failed_at` timestamp NOT NULL DEFAULT current_timestamp()
) ENGINE=InnoDB DEFAULT CHARSET=utf8mb4 COLLATE=utf8mb4_unicode_ci;

-- --------------------------------------------------------

--
-- Table structure for table `formulir`
--

CREATE TABLE `formulir` (
  `id` bigint(20) UNSIGNED NOT NULL,
  `id_users` bigint(20) UNSIGNED NOT NULL,
  `nama` varchar(255) NOT NULL,
  `alamat_ktp` varchar(255) NOT NULL,
  `alamat_sekarang` varchar(255) NOT NULL,
  `provinsi` varchar(255) NOT NULL,
  `kabupaten` varchar(255) NOT NULL,
  `kecamatan` varchar(255) NOT NULL,
  `no_telp` int(11) NOT NULL,
  `no_hp` int(11) NOT NULL,
  `email` varchar(255) NOT NULL,
  `kewarganegaraan` varchar(255) NOT NULL,
  `wargaasing` varchar(255) NOT NULL,
  `tanggal_lahir` date NOT NULL,
  `provinsi_lahir` varchar(255) NOT NULL,
  `kota_lahir` varchar(255) NOT NULL,
  `jenis_kelamin` varchar(255) NOT NULL,
  `status_menikah` varchar(255) NOT NULL,
  `agama` varchar(255) NOT NULL,
  `mtk` int(11) NOT NULL,
  `bindo` int(11) NOT NULL,
  `binggris` int(11) NOT NULL,
  `foto` varchar(255) NOT NULL,
  `created_at` timestamp NULL DEFAULT NULL,
  `updated_at` timestamp NULL DEFAULT NULL
) ENGINE=InnoDB DEFAULT CHARSET=utf8mb4 COLLATE=utf8mb4_unicode_ci;

--
-- Dumping data for table `formulir`
--

INSERT INTO `formulir` (`id`, `id_users`, `nama`, `alamat_ktp`, `alamat_sekarang`, `provinsi`, `kabupaten`, `kecamatan`, `no_telp`, `no_hp`, `email`, `kewarganegaraan`, `wargaasing`, `tanggal_lahir`, `provinsi_lahir`, `kota_lahir`, `jenis_kelamin`, `status_menikah`, `agama`, `mtk`, `bindo`, `binggris`, `foto`, `created_at`, `updated_at`) VALUES
(1, 1, 'Budi', 'jl mangga', 'jl mangga', '18', '279', 'kelinci', 0, 133331231, 'budi@gmail.com', 'Warga Negara Asing', '', '2024-06-12', '17', '269', 'Laki-Laki', 'Belum Menikah', 'ISLAM', 0, 0, 0, 'YMRRaQH5kpxldd93pMaciYAd4VvA4mk2LPrA8Ray.jpg', '2024-08-24 15:52:52', '2024-08-24 15:52:52'),
(2, 1, 'Andi', 'JALAN BARU', 'JALAN BARU 1', '4', '91', 'merah', 0, 857478123, 'andi@gmail.com', 'WNI Asli', '', '2024-02-08', '16', '262', 'Laki-Laki', 'Belum Menikah', 'ISLAM', 0, 0, 0, 'lpJX2Nwz6bUGdMItDEXYx2myurupXqmE2vBcsO2t.jpg', '2024-08-24 16:53:23', '2024-08-24 16:53:23'),
(3, 1, 'Mahasiswa 3', 'JL Durian BARU', 'JL Durian 123', '7', '115', 'mangga', 855772, 89912341, 'mahasiswa@gmail.com', 'Warga Negara Asing', 'brazil', '2024-08-02', '7', '271', 'Laki-Laki', 'Belum Menikah', 'KATOLIK', 90, 90, 90, 'VGtMZudc0kLs97BVcRb9XpVz1w0gq9NomeCuMbWk.jpg', '2024-08-24 17:07:21', '2024-08-24 17:47:19'),
(4, 1, 'Mahasiswa 44', 'Jalan Depok Baru', 'JL baru3', '12', '187', 'beji', 88774181, 99777414, 'mahasiswa4@gmail.com', 'WNI Keturunan', '-', '2024-08-02', '12', '187', 'Perempuan', 'Belum Menikah', 'KRISTEN', 87, 75, 80, 'Mzf4qAXa1LBsmLEBhlBnO9Is0PF2VUnv8ObILhxY.jpg', '2024-08-24 17:19:55', '2024-08-25 02:30:11');

-- --------------------------------------------------------

--
-- Table structure for table `kota`
--

CREATE TABLE `kota` (
  `id` bigint(20) UNSIGNED NOT NULL,
  `id_provinsi` bigint(20) UNSIGNED NOT NULL,
  `nama` varchar(255) NOT NULL,
  `created_at` timestamp NULL DEFAULT NULL,
  `updated_at` timestamp NULL DEFAULT NULL
) ENGINE=InnoDB DEFAULT CHARSET=utf8mb4 COLLATE=utf8mb4_unicode_ci;

--
-- Dumping data for table `kota`
--

INSERT INTO `kota` (`id`, `id_provinsi`, `nama`, `created_at`, `updated_at`) VALUES
(1, 1, ' Kabupaten Aceh Barat', '2024-08-24 15:47:23', '2024-08-24 15:47:23'),
(2, 1, ' Kabupaten Aceh Barat Daya', '2024-08-24 15:47:23', '2024-08-24 15:47:23'),
(3, 1, ' Kabupaten Aceh Besar', '2024-08-24 15:47:23', '2024-08-24 15:47:23'),
(4, 1, ' Kabupaten Aceh Jaya', '2024-08-24 15:47:23', '2024-08-24 15:47:23'),
(5, 1, ' Kabupaten Aceh Selatan', '2024-08-24 15:47:23', '2024-08-24 15:47:23'),
(6, 1, ' Kabupaten Aceh Singkil', '2024-08-24 15:47:23', '2024-08-24 15:47:23'),
(7, 1, ' Kabupaten Aceh Tamiang', '2024-08-24 15:47:23', '2024-08-24 15:47:23'),
(8, 1, ' Kabupaten Aceh Tengah', '2024-08-24 15:47:23', '2024-08-24 15:47:23'),
(9, 1, ' Kabupaten Aceh Tenggara', '2024-08-24 15:47:23', '2024-08-24 15:47:23'),
(10, 1, ' Kabupaten Aceh Timur', '2024-08-24 15:47:23', '2024-08-24 15:47:23'),
(11, 1, ' Kabupaten Aceh Utara', '2024-08-24 15:47:23', '2024-08-24 15:47:23'),
(12, 1, ' Kabupaten Bener Meriah', '2024-08-24 15:47:23', '2024-08-24 15:47:23'),
(13, 1, ' Kabupaten Bireuen', '2024-08-24 15:47:23', '2024-08-24 15:47:23'),
(14, 1, ' Kabupaten Gayo Lues', '2024-08-24 15:47:23', '2024-08-24 15:47:23'),
(15, 1, ' Kabupaten Nagan Raya', '2024-08-24 15:47:23', '2024-08-24 15:47:23'),
(16, 1, ' Kabupaten Pidie', '2024-08-24 15:47:23', '2024-08-24 15:47:23'),
(17, 1, ' Kabupaten Pidie Jaya', '2024-08-24 15:47:23', '2024-08-24 15:47:23'),
(18, 1, ' Kabupaten Simeulue', '2024-08-24 15:47:23', '2024-08-24 15:47:23'),
(19, 1, ' Kota Banda Aceh', '2024-08-24 15:47:23', '2024-08-24 15:47:23'),
(20, 1, ' Kota Langsa', '2024-08-24 15:47:23', '2024-08-24 15:47:23'),
(21, 1, ' Kota Lhokseumawe', '2024-08-24 15:47:23', '2024-08-24 15:47:23'),
(22, 1, ' Kota Sabang', '2024-08-24 15:47:23', '2024-08-24 15:47:23'),
(23, 1, ' Kota Subulussalam', '2024-08-24 15:47:23', '2024-08-24 15:47:23'),
(24, 2, ' Kabupaten Asahan', '2024-08-24 15:47:23', '2024-08-24 15:47:23'),
(25, 2, ' Kabupaten Batubara', '2024-08-24 15:47:23', '2024-08-24 15:47:23'),
(26, 2, ' Kabupaten Dairi', '2024-08-24 15:47:23', '2024-08-24 15:47:23'),
(27, 2, ' Kabupaten Deli Serdang', '2024-08-24 15:47:23', '2024-08-24 15:47:23'),
(28, 2, ' Kabupaten Humbang Hasundutan', '2024-08-24 15:47:23', '2024-08-24 15:47:23'),
(29, 2, ' Kabupaten Karo', '2024-08-24 15:47:23', '2024-08-24 15:47:23'),
(30, 2, ' Kabupaten Labuhanbatu', '2024-08-24 15:47:23', '2024-08-24 15:47:23'),
(31, 2, ' Kabupaten Labuhanbatu Selatan', '2024-08-24 15:47:23', '2024-08-24 15:47:23'),
(32, 2, ' Kabupaten Labuhanbatu Utara', '2024-08-24 15:47:23', '2024-08-24 15:47:23'),
(33, 2, ' Kabupaten Langkat', '2024-08-24 15:47:23', '2024-08-24 15:47:23'),
(34, 2, ' Kabupaten Mandailing Natal', '2024-08-24 15:47:23', '2024-08-24 15:47:23'),
(35, 2, ' Kabupaten Nias', '2024-08-24 15:47:23', '2024-08-24 15:47:23'),
(36, 2, ' Kabupaten Nias Barat', '2024-08-24 15:47:23', '2024-08-24 15:47:23'),
(37, 2, ' Kabupaten Nias Selatan', '2024-08-24 15:47:23', '2024-08-24 15:47:23'),
(38, 2, ' Kabupaten Nias Utara', '2024-08-24 15:47:23', '2024-08-24 15:47:23'),
(39, 2, ' Kabupaten Padang Lawas', '2024-08-24 15:47:23', '2024-08-24 15:47:23'),
(40, 2, ' Kabupaten Padang Lawas Utara', '2024-08-24 15:47:23', '2024-08-24 15:47:23'),
(41, 2, ' Kabupaten Pakpak Bharat', '2024-08-24 15:47:23', '2024-08-24 15:47:23'),
(42, 2, ' Kabupaten Samosir', '2024-08-24 15:47:23', '2024-08-24 15:47:23'),
(43, 2, ' Kabupaten Serdang Bedagai', '2024-08-24 15:47:23', '2024-08-24 15:47:23'),
(44, 2, ' Kabupaten Simalungun', '2024-08-24 15:47:23', '2024-08-24 15:47:23'),
(45, 2, ' Kabupaten Tapanuli Selatan', '2024-08-24 15:47:23', '2024-08-24 15:47:23'),
(46, 2, ' Kabupaten Tapanuli Tengah', '2024-08-24 15:47:23', '2024-08-24 15:47:23'),
(47, 2, ' Kabupaten Tapanuli Utara', '2024-08-24 15:47:23', '2024-08-24 15:47:23'),
(48, 2, ' Kabupaten Toba Samosir', '2024-08-24 15:47:23', '2024-08-24 15:47:23'),
(49, 2, ' Kota Binjai', '2024-08-24 15:47:23', '2024-08-24 15:47:23'),
(50, 2, ' Kota Gunungsitoli', '2024-08-24 15:47:23', '2024-08-24 15:47:23'),
(51, 2, ' Kota Medan', '2024-08-24 15:47:23', '2024-08-24 15:47:23'),
(52, 2, ' Kota Padangsidempuan', '2024-08-24 15:47:23', '2024-08-24 15:47:23'),
(53, 2, ' Kota Pematangsiantar', '2024-08-24 15:47:23', '2024-08-24 15:47:23'),
(54, 2, ' Kota Sibolga', '2024-08-24 15:47:23', '2024-08-24 15:47:23'),
(55, 2, ' Kota Tanjungbalai', '2024-08-24 15:47:23', '2024-08-24 15:47:23'),
(56, 2, ' Kota Tebing Tinggi', '2024-08-24 15:47:23', '2024-08-24 15:47:23'),
(57, 3, ' Kabupaten Agam', '2024-08-24 15:47:23', '2024-08-24 15:47:23'),
(58, 3, ' Kabupaten Dharmasraya', '2024-08-24 15:47:23', '2024-08-24 15:47:23'),
(59, 3, ' Kabupaten Kepulauan Mentawai', '2024-08-24 15:47:23', '2024-08-24 15:47:23'),
(60, 3, ' Kabupaten Lima Puluh Kota', '2024-08-24 15:47:23', '2024-08-24 15:47:23'),
(61, 3, ' Kabupaten Padang Pariaman', '2024-08-24 15:47:23', '2024-08-24 15:47:23'),
(62, 3, ' Kabupaten Pasaman', '2024-08-24 15:47:23', '2024-08-24 15:47:23'),
(63, 3, ' Kabupaten Pasaman Barat', '2024-08-24 15:47:23', '2024-08-24 15:47:23'),
(64, 3, ' Kabupaten Pesisir Selatan', '2024-08-24 15:47:23', '2024-08-24 15:47:23'),
(65, 3, ' Kabupaten Sijunjung', '2024-08-24 15:47:23', '2024-08-24 15:47:23'),
(66, 3, ' Kabupaten Solok', '2024-08-24 15:47:23', '2024-08-24 15:47:23'),
(67, 3, ' Kabupaten Solok Selatan', '2024-08-24 15:47:23', '2024-08-24 15:47:23'),
(68, 3, ' Kabupaten Tanah Datar', '2024-08-24 15:47:23', '2024-08-24 15:47:23'),
(69, 3, ' Kota Bukittinggi', '2024-08-24 15:47:23', '2024-08-24 15:47:23'),
(70, 3, ' Kota Padang', '2024-08-24 15:47:23', '2024-08-24 15:47:23'),
(71, 3, ' Kota Padangpanjang', '2024-08-24 15:47:23', '2024-08-24 15:47:23'),
(72, 3, ' Kota Pariaman', '2024-08-24 15:47:23', '2024-08-24 15:47:23'),
(73, 3, ' Kota Payakumbuh', '2024-08-24 15:47:23', '2024-08-24 15:47:23'),
(74, 3, ' Kota Sawahlunto', '2024-08-24 15:47:23', '2024-08-24 15:47:23'),
(75, 3, ' Kota Solok', '2024-08-24 15:47:23', '2024-08-24 15:47:23'),
(76, 4, ' Kabupaten Banyuasin', '2024-08-24 15:47:23', '2024-08-24 15:47:23'),
(77, 4, ' Kabupaten Empat Lawang', '2024-08-24 15:47:23', '2024-08-24 15:47:23'),
(78, 4, ' Kabupaten Lahat', '2024-08-24 15:47:23', '2024-08-24 15:47:23'),
(79, 4, ' Kabupaten Muara Enim', '2024-08-24 15:47:23', '2024-08-24 15:47:23'),
(80, 4, ' Kabupaten Musi Banyuasin', '2024-08-24 15:47:23', '2024-08-24 15:47:23'),
(81, 4, ' Kabupaten Musi Rawas', '2024-08-24 15:47:23', '2024-08-24 15:47:23'),
(82, 4, ' Kabupaten Musi Rawas Utara', '2024-08-24 15:47:23', '2024-08-24 15:47:23'),
(83, 4, ' Kabupaten Ogan Ilir', '2024-08-24 15:47:23', '2024-08-24 15:47:23'),
(84, 4, ' Kabupaten Ogan Komering Ilir', '2024-08-24 15:47:23', '2024-08-24 15:47:23'),
(85, 4, ' Kabupaten Ogan Komering Ulu', '2024-08-24 15:47:23', '2024-08-24 15:47:23'),
(86, 4, ' Kabupaten Ogan Komering Ulu Selatan', '2024-08-24 15:47:23', '2024-08-24 15:47:23'),
(87, 4, ' Kabupaten Ogan Komering Ulu Timur', '2024-08-24 15:47:23', '2024-08-24 15:47:23'),
(88, 4, ' Kabupaten Penukal Abab Lematang Ilir', '2024-08-24 15:47:23', '2024-08-24 15:47:23'),
(89, 4, ' Kota Lubuklinggau', '2024-08-24 15:47:23', '2024-08-24 15:47:23'),
(90, 4, ' Kota Pagar Alam', '2024-08-24 15:47:23', '2024-08-24 15:47:23'),
(91, 4, ' Kota Palembang', '2024-08-24 15:47:23', '2024-08-24 15:47:23'),
(92, 4, ' Kota Prabumulih', '2024-08-24 15:47:23', '2024-08-24 15:47:23'),
(93, 5, ' Kabupaten Bengkalis', '2024-08-24 15:47:23', '2024-08-24 15:47:23'),
(94, 5, ' Kabupaten Indragiri Hilir', '2024-08-24 15:47:23', '2024-08-24 15:47:23'),
(95, 5, ' Kabupaten Indragiri Hulu', '2024-08-24 15:47:23', '2024-08-24 15:47:23'),
(96, 5, ' Kabupaten Kampar', '2024-08-24 15:47:23', '2024-08-24 15:47:23'),
(97, 5, ' Kabupaten Kepulauan Meranti', '2024-08-24 15:47:23', '2024-08-24 15:47:23'),
(98, 5, ' Kabupaten Kuantan Singingi', '2024-08-24 15:47:23', '2024-08-24 15:47:23'),
(99, 5, ' Kabupaten Pelalawan', '2024-08-24 15:47:23', '2024-08-24 15:47:23'),
(100, 5, ' Kabupaten Rokan Hilir', '2024-08-24 15:47:23', '2024-08-24 15:47:23'),
(101, 5, ' Kabupaten Rokan Hulu', '2024-08-24 15:47:23', '2024-08-24 15:47:23'),
(102, 5, ' Kabupaten Siak', '2024-08-24 15:47:23', '2024-08-24 15:47:23'),
(103, 5, ' Kota Dumai', '2024-08-24 15:47:23', '2024-08-24 15:47:23'),
(104, 5, ' Kota Pekanbaru', '2024-08-24 15:47:23', '2024-08-24 15:47:23'),
(105, 6, ' Kabupaten Bintan', '2024-08-24 15:47:23', '2024-08-24 15:47:23'),
(106, 6, ' Kabupaten Karimun', '2024-08-24 15:47:23', '2024-08-24 15:47:23'),
(107, 6, ' Kabupaten Kepulauan Anambas', '2024-08-24 15:47:23', '2024-08-24 15:47:23'),
(108, 6, ' Kabupaten Lingga', '2024-08-24 15:47:23', '2024-08-24 15:47:23'),
(109, 6, ' Kabupaten Natuna', '2024-08-24 15:47:23', '2024-08-24 15:47:23'),
(110, 6, ' Kota Batam', '2024-08-24 15:47:23', '2024-08-24 15:47:23'),
(111, 6, ' Kota Tanjung Pinang', '2024-08-24 15:47:23', '2024-08-24 15:47:23'),
(112, 7, ' Kabupaten Batanghari', '2024-08-24 15:47:23', '2024-08-24 15:47:23'),
(113, 7, ' Kabupaten Bungo', '2024-08-24 15:47:23', '2024-08-24 15:47:23'),
(114, 7, ' Kabupaten Kerinci', '2024-08-24 15:47:23', '2024-08-24 15:47:23'),
(115, 7, ' Kabupaten Merangin', '2024-08-24 15:47:23', '2024-08-24 15:47:23'),
(116, 7, ' Kabupaten Muaro Jambi', '2024-08-24 15:47:23', '2024-08-24 15:47:23'),
(117, 7, ' Kabupaten Sarolangun', '2024-08-24 15:47:23', '2024-08-24 15:47:23'),
(118, 7, ' Kabupaten Tanjung Jabung Barat', '2024-08-24 15:47:23', '2024-08-24 15:47:23'),
(119, 7, ' Kabupaten Tanjung Jabung Timur', '2024-08-24 15:47:23', '2024-08-24 15:47:23'),
(120, 7, ' Kabupaten Tebo', '2024-08-24 15:47:23', '2024-08-24 15:47:23'),
(121, 7, ' Kota Jambi', '2024-08-24 15:47:23', '2024-08-24 15:47:23'),
(122, 7, ' Kota Sungai Penuh', '2024-08-24 15:47:23', '2024-08-24 15:47:23'),
(123, 8, ' Kabupaten Bengkulu Selatan', '2024-08-24 15:47:23', '2024-08-24 15:47:23'),
(124, 8, ' Kabupaten Bengkulu Tengah', '2024-08-24 15:47:23', '2024-08-24 15:47:23'),
(125, 8, ' Kabupaten Bengkulu Utara', '2024-08-24 15:47:23', '2024-08-24 15:47:23'),
(126, 8, ' Kabupaten Kaur', '2024-08-24 15:47:23', '2024-08-24 15:47:23'),
(127, 8, ' Kabupaten Kepahiang', '2024-08-24 15:47:23', '2024-08-24 15:47:23'),
(128, 8, ' Kabupaten Lebong', '2024-08-24 15:47:23', '2024-08-24 15:47:23'),
(129, 8, ' Kabupaten Mukomuko', '2024-08-24 15:47:23', '2024-08-24 15:47:23'),
(130, 8, ' Kabupaten Rejang Lebong', '2024-08-24 15:47:23', '2024-08-24 15:47:23'),
(131, 8, ' Kabupaten Seluma', '2024-08-24 15:47:23', '2024-08-24 15:47:23'),
(132, 8, ' Kota Bengkulu', '2024-08-24 15:47:23', '2024-08-24 15:47:23'),
(133, 9, ' Kabupaten Bangka', '2024-08-24 15:47:23', '2024-08-24 15:47:23'),
(134, 9, ' Kabupaten Bangka Barat', '2024-08-24 15:47:23', '2024-08-24 15:47:23'),
(135, 9, ' Kabupaten Bangka Selatan', '2024-08-24 15:47:23', '2024-08-24 15:47:23'),
(136, 9, ' Kabupaten Bangka Tengah', '2024-08-24 15:47:23', '2024-08-24 15:47:23'),
(137, 9, ' Kabupaten Belitung', '2024-08-24 15:47:23', '2024-08-24 15:47:23'),
(138, 9, ' Kabupaten Belitung Timur', '2024-08-24 15:47:23', '2024-08-24 15:47:23'),
(139, 9, ' Kota Pangkal Pinang', '2024-08-24 15:47:23', '2024-08-24 15:47:23'),
(140, 10, ' Kabupaten Lampung Tengah', '2024-08-24 15:47:23', '2024-08-24 15:47:23'),
(141, 10, ' Kabupaten Lampung Utara', '2024-08-24 15:47:23', '2024-08-24 15:47:23'),
(142, 10, ' Kabupaten Lampung Selatan', '2024-08-24 15:47:23', '2024-08-24 15:47:23'),
(143, 10, ' Kabupaten Lampung Barat', '2024-08-24 15:47:23', '2024-08-24 15:47:23'),
(144, 10, ' Kabupaten Lampung Timur', '2024-08-24 15:47:23', '2024-08-24 15:47:23'),
(145, 10, ' Kabupaten Mesuji', '2024-08-24 15:47:23', '2024-08-24 15:47:23'),
(146, 10, ' Kabupaten Pesawaran', '2024-08-24 15:47:23', '2024-08-24 15:47:23'),
(147, 10, ' Kabupaten Pesisir Barat', '2024-08-24 15:47:23', '2024-08-24 15:47:23'),
(148, 10, ' Kabupaten Pringsewu', '2024-08-24 15:47:23', '2024-08-24 15:47:23'),
(149, 10, ' Kabupaten Tulang Bawang', '2024-08-24 15:47:23', '2024-08-24 15:47:23'),
(150, 10, ' Kabupaten Tulang Bawang Barat', '2024-08-24 15:47:23', '2024-08-24 15:47:23'),
(151, 10, ' Kabupaten Tanggamus', '2024-08-24 15:47:23', '2024-08-24 15:47:23'),
(152, 10, ' Kabupaten Way Kanan', '2024-08-24 15:47:23', '2024-08-24 15:47:23'),
(153, 10, ' Kota Bandar Lampung', '2024-08-24 15:47:23', '2024-08-24 15:47:23'),
(154, 10, ' Kota Metro', '2024-08-24 15:47:23', '2024-08-24 15:47:23'),
(155, 11, ' Kabupaten Lebak', '2024-08-24 15:47:23', '2024-08-24 15:47:23'),
(156, 11, ' Kabupaten Pandeglang', '2024-08-24 15:47:23', '2024-08-24 15:47:23'),
(157, 11, ' Kabupaten Serang', '2024-08-24 15:47:23', '2024-08-24 15:47:23'),
(158, 11, ' Kabupaten Tangerang', '2024-08-24 15:47:23', '2024-08-24 15:47:23'),
(159, 11, ' Kota Cilegon', '2024-08-24 15:47:23', '2024-08-24 15:47:23'),
(160, 11, ' Kota Serang', '2024-08-24 15:47:23', '2024-08-24 15:47:23'),
(161, 11, ' Kota Tangerang', '2024-08-24 15:47:23', '2024-08-24 15:47:23'),
(162, 11, ' Kota Tangerang Selatan', '2024-08-24 15:47:23', '2024-08-24 15:47:23'),
(163, 12, ' Kabupaten Bandung', '2024-08-24 15:47:23', '2024-08-24 15:47:23'),
(164, 12, ' Kabupaten Bandung Barat', '2024-08-24 15:47:23', '2024-08-24 15:47:23'),
(165, 12, ' Kabupaten Bekasi', '2024-08-24 15:47:23', '2024-08-24 15:47:23'),
(166, 12, ' Kabupaten Bogor', '2024-08-24 15:47:23', '2024-08-24 15:47:23'),
(167, 12, ' Kabupaten Ciamis', '2024-08-24 15:47:23', '2024-08-24 15:47:23'),
(168, 12, ' Kabupaten Cianjur', '2024-08-24 15:47:23', '2024-08-24 15:47:23'),
(169, 12, ' Kabupaten Cirebon', '2024-08-24 15:47:23', '2024-08-24 15:47:23'),
(170, 12, ' Kabupaten Garut', '2024-08-24 15:47:23', '2024-08-24 15:47:23'),
(171, 12, ' Kabupaten Indramayu', '2024-08-24 15:47:23', '2024-08-24 15:47:23'),
(172, 12, ' Kabupaten Karawang', '2024-08-24 15:47:23', '2024-08-24 15:47:23'),
(173, 12, ' Kabupaten Kuningan', '2024-08-24 15:47:23', '2024-08-24 15:47:23'),
(174, 12, ' Kabupaten Majalengka', '2024-08-24 15:47:23', '2024-08-24 15:47:23'),
(175, 12, ' Kabupaten Pangandaran', '2024-08-24 15:47:23', '2024-08-24 15:47:23'),
(176, 12, ' Kabupaten Purwakarta', '2024-08-24 15:47:23', '2024-08-24 15:47:23'),
(177, 12, ' Kabupaten Subang', '2024-08-24 15:47:23', '2024-08-24 15:47:23'),
(178, 12, ' Kabupaten Sukabumi', '2024-08-24 15:47:23', '2024-08-24 15:47:23'),
(179, 12, ' Kabupaten Sumedang', '2024-08-24 15:47:23', '2024-08-24 15:47:23'),
(180, 12, ' Kabupaten Tasikmalaya', '2024-08-24 15:47:23', '2024-08-24 15:47:23'),
(181, 12, ' Kota Bandung', '2024-08-24 15:47:23', '2024-08-24 15:47:23'),
(182, 12, ' Kota Banjar', '2024-08-24 15:47:23', '2024-08-24 15:47:23'),
(183, 12, ' Kota Bekasi', '2024-08-24 15:47:23', '2024-08-24 15:47:23'),
(184, 12, ' Kota Bogor', '2024-08-24 15:47:23', '2024-08-24 15:47:23'),
(185, 12, ' Kota Cimahi', '2024-08-24 15:47:23', '2024-08-24 15:47:23'),
(186, 12, ' Kota Cirebon', '2024-08-24 15:47:23', '2024-08-24 15:47:23'),
(187, 12, ' Kota Depok', '2024-08-24 15:47:23', '2024-08-24 15:47:23'),
(188, 12, ' Kota Sukabumi', '2024-08-24 15:47:23', '2024-08-24 15:47:23'),
(189, 12, ' Kota Tasikmalaya', '2024-08-24 15:47:23', '2024-08-24 15:47:23'),
(190, 13, ' Kabupaten Banjarnegara', '2024-08-24 15:47:23', '2024-08-24 15:47:23'),
(191, 13, ' Kabupaten Banyumas', '2024-08-24 15:47:23', '2024-08-24 15:47:23'),
(192, 13, ' Kabupaten Batang', '2024-08-24 15:47:23', '2024-08-24 15:47:23'),
(193, 13, ' Kabupaten Blora', '2024-08-24 15:47:23', '2024-08-24 15:47:23'),
(194, 13, ' Kabupaten Boyolali', '2024-08-24 15:47:23', '2024-08-24 15:47:23'),
(195, 13, ' Kabupaten Brebes', '2024-08-24 15:47:23', '2024-08-24 15:47:23'),
(196, 13, ' Kabupaten Cilacap', '2024-08-24 15:47:23', '2024-08-24 15:47:23'),
(197, 13, ' Kabupaten Demak', '2024-08-24 15:47:23', '2024-08-24 15:47:23'),
(198, 13, ' Kabupaten Grobogan', '2024-08-24 15:47:23', '2024-08-24 15:47:23'),
(199, 13, ' Kabupaten Jepara', '2024-08-24 15:47:23', '2024-08-24 15:47:23'),
(200, 13, ' Kabupaten Karanganyar', '2024-08-24 15:47:23', '2024-08-24 15:47:23'),
(201, 13, ' Kabupaten Kebumen', '2024-08-24 15:47:23', '2024-08-24 15:47:23'),
(202, 13, ' Kabupaten Kendal', '2024-08-24 15:47:23', '2024-08-24 15:47:23'),
(203, 13, ' Kabupaten Klaten', '2024-08-24 15:47:23', '2024-08-24 15:47:23'),
(204, 13, ' Kabupaten Kudus', '2024-08-24 15:47:23', '2024-08-24 15:47:23'),
(205, 13, ' Kabupaten Magelang', '2024-08-24 15:47:23', '2024-08-24 15:47:23'),
(206, 13, ' Kabupaten Pati', '2024-08-24 15:47:23', '2024-08-24 15:47:23'),
(207, 13, ' Kabupaten Pekalongan', '2024-08-24 15:47:23', '2024-08-24 15:47:23'),
(208, 13, ' Kabupaten Pemalang', '2024-08-24 15:47:23', '2024-08-24 15:47:23'),
(209, 13, ' Kabupaten Purbalingga', '2024-08-24 15:47:23', '2024-08-24 15:47:23'),
(210, 13, ' Kabupaten Purworejo', '2024-08-24 15:47:23', '2024-08-24 15:47:23'),
(211, 13, ' Kabupaten Rembang', '2024-08-24 15:47:23', '2024-08-24 15:47:23'),
(212, 13, ' Kabupaten Semarang', '2024-08-24 15:47:23', '2024-08-24 15:47:23'),
(213, 13, ' Kabupaten Sragen', '2024-08-24 15:47:23', '2024-08-24 15:47:23'),
(214, 13, ' Kabupaten Sukoharjo', '2024-08-24 15:47:23', '2024-08-24 15:47:23'),
(215, 13, ' Kabupaten Tegal', '2024-08-24 15:47:23', '2024-08-24 15:47:23'),
(216, 13, ' Kabupaten Temanggung', '2024-08-24 15:47:23', '2024-08-24 15:47:23'),
(217, 13, ' Kabupaten Wonogiri', '2024-08-24 15:47:23', '2024-08-24 15:47:23'),
(218, 13, ' Kabupaten Wonosobo', '2024-08-24 15:47:23', '2024-08-24 15:47:23'),
(219, 13, ' Kota Magelang', '2024-08-24 15:47:23', '2024-08-24 15:47:23'),
(220, 13, ' Kota Pekalongan', '2024-08-24 15:47:23', '2024-08-24 15:47:23'),
(221, 13, ' Kota Salatiga', '2024-08-24 15:47:23', '2024-08-24 15:47:23'),
(222, 13, ' Kota Semarang', '2024-08-24 15:47:23', '2024-08-24 15:47:23'),
(223, 14, ' Kabupaten Bangkalan', '2024-08-24 15:47:23', '2024-08-24 15:47:23'),
(224, 14, ' Kabupaten Banyuwangi', '2024-08-24 15:47:23', '2024-08-24 15:47:23'),
(225, 14, ' Kabupaten Blitar', '2024-08-24 15:47:23', '2024-08-24 15:47:23'),
(226, 14, ' Kabupaten Bojonegoro', '2024-08-24 15:47:23', '2024-08-24 15:47:23'),
(227, 14, ' Kabupaten Bondowoso', '2024-08-24 15:47:23', '2024-08-24 15:47:23'),
(228, 14, ' Kabupaten Gresik', '2024-08-24 15:47:23', '2024-08-24 15:47:23'),
(229, 14, ' Kabupaten Jember', '2024-08-24 15:47:23', '2024-08-24 15:47:23'),
(230, 14, ' Kabupaten Jombang', '2024-08-24 15:47:23', '2024-08-24 15:47:23'),
(231, 14, ' Kabupaten Kediri', '2024-08-24 15:47:23', '2024-08-24 15:47:23'),
(232, 14, ' Kabupaten Lamongan', '2024-08-24 15:47:23', '2024-08-24 15:47:23'),
(233, 14, ' Kabupaten Lumajang', '2024-08-24 15:47:23', '2024-08-24 15:47:23'),
(234, 14, ' Kabupaten Madiun', '2024-08-24 15:47:23', '2024-08-24 15:47:23'),
(235, 14, ' Kabupaten Magetan', '2024-08-24 15:47:23', '2024-08-24 15:47:23'),
(236, 14, ' Kabupaten Malang', '2024-08-24 15:47:23', '2024-08-24 15:47:23'),
(237, 14, ' Kabupaten Mojokerto', '2024-08-24 15:47:23', '2024-08-24 15:47:23'),
(238, 14, ' Kabupaten Nganjuk', '2024-08-24 15:47:23', '2024-08-24 15:47:23'),
(239, 14, ' Kabupaten Ngawi', '2024-08-24 15:47:23', '2024-08-24 15:47:23'),
(240, 14, ' Kabupaten Pacitan', '2024-08-24 15:47:23', '2024-08-24 15:47:23'),
(241, 14, ' Kabupaten Pamekasan', '2024-08-24 15:47:23', '2024-08-24 15:47:23'),
(242, 14, ' Kabupaten Pasuruan', '2024-08-24 15:47:23', '2024-08-24 15:47:23'),
(243, 14, ' Kabupaten Ponorogo', '2024-08-24 15:47:23', '2024-08-24 15:47:23'),
(244, 14, ' Kabupaten Probolinggo', '2024-08-24 15:47:23', '2024-08-24 15:47:23'),
(245, 14, ' Kabupaten Sampang', '2024-08-24 15:47:23', '2024-08-24 15:47:23'),
(246, 14, ' Kabupaten Sidoarjo', '2024-08-24 15:47:23', '2024-08-24 15:47:23'),
(247, 14, ' Kabupaten Situbondo', '2024-08-24 15:47:23', '2024-08-24 15:47:23'),
(248, 14, ' Kabupaten Sumenep', '2024-08-24 15:47:23', '2024-08-24 15:47:23'),
(249, 14, ' Kabupaten Trenggalek', '2024-08-24 15:47:23', '2024-08-24 15:47:23'),
(250, 14, ' Kabupaten Tuban', '2024-08-24 15:47:23', '2024-08-24 15:47:23'),
(251, 14, ' Kabupaten Tulungagung', '2024-08-24 15:47:23', '2024-08-24 15:47:23'),
(252, 14, ' Kota Batu', '2024-08-24 15:47:23', '2024-08-24 15:47:23'),
(253, 14, ' Kota Blitar', '2024-08-24 15:47:23', '2024-08-24 15:47:23'),
(254, 14, ' Kota Kediri', '2024-08-24 15:47:23', '2024-08-24 15:47:23'),
(255, 14, ' Kota Madiun', '2024-08-24 15:47:23', '2024-08-24 15:47:23'),
(256, 15, ' Kota Administrasi Jakarta Barat', '2024-08-24 15:47:23', '2024-08-24 15:47:23'),
(257, 15, ' Kota Administrasi Jakarta Pusat', '2024-08-24 15:47:23', '2024-08-24 15:47:23'),
(258, 15, ' Kota Administrasi Jakarta Selatan', '2024-08-24 15:47:23', '2024-08-24 15:47:23'),
(259, 15, ' Kota Administrasi Jakarta Timur', '2024-08-24 15:47:23', '2024-08-24 15:47:23'),
(260, 15, ' Kota Administrasi Jakarta Utara', '2024-08-24 15:47:23', '2024-08-24 15:47:23'),
(261, 15, ' Kabupaten Administrasi Kepulauan Seribu', '2024-08-24 15:47:23', '2024-08-24 15:47:23'),
(262, 16, ' Kabupaten Bantul', '2024-08-24 15:47:23', '2024-08-24 15:47:23'),
(263, 16, ' Kabupaten Gunungkidul', '2024-08-24 15:47:23', '2024-08-24 15:47:23'),
(264, 16, ' Kabupaten Kulon Progo', '2024-08-24 15:47:23', '2024-08-24 15:47:23'),
(265, 16, ' Kabupaten Sleman', '2024-08-24 15:47:23', '2024-08-24 15:47:23'),
(266, 16, ' Kota Yogyakarta', '2024-08-24 15:47:23', '2024-08-24 15:47:23'),
(267, 17, ' Kabupaten Badung', '2024-08-24 15:47:23', '2024-08-24 15:47:23'),
(268, 17, ' Kabupaten Bangli', '2024-08-24 15:47:23', '2024-08-24 15:47:23'),
(269, 17, ' Kabupaten Buleleng', '2024-08-24 15:47:23', '2024-08-24 15:47:23'),
(270, 17, ' Kabupaten Gianyar', '2024-08-24 15:47:23', '2024-08-24 15:47:23'),
(271, 17, ' Kabupaten Jembrana', '2024-08-24 15:47:24', '2024-08-24 15:47:24'),
(272, 17, ' Kabupaten Karangasem', '2024-08-24 15:47:24', '2024-08-24 15:47:24'),
(273, 17, ' Kabupaten Klungkung', '2024-08-24 15:47:24', '2024-08-24 15:47:24'),
(274, 17, ' Kabupaten Tabanan', '2024-08-24 15:47:24', '2024-08-24 15:47:24'),
(275, 17, ' Kota Denpasar', '2024-08-24 15:47:24', '2024-08-24 15:47:24'),
(276, 18, ' Kabupaten Bima', '2024-08-24 15:47:24', '2024-08-24 15:47:24'),
(277, 18, ' Kabupaten Dompu', '2024-08-24 15:47:24', '2024-08-24 15:47:24'),
(278, 18, ' Kabupaten Lombok Barat', '2024-08-24 15:47:24', '2024-08-24 15:47:24'),
(279, 18, ' Kabupaten Lombok Tengah', '2024-08-24 15:47:24', '2024-08-24 15:47:24'),
(280, 18, ' Kabupaten Lombok Timur', '2024-08-24 15:47:24', '2024-08-24 15:47:24'),
(281, 18, ' Kabupaten Lombok Utara', '2024-08-24 15:47:24', '2024-08-24 15:47:24'),
(282, 18, ' Kabupaten Sumbawa', '2024-08-24 15:47:24', '2024-08-24 15:47:24'),
(283, 18, ' Kabupaten Sumbawa Barat', '2024-08-24 15:47:24', '2024-08-24 15:47:24'),
(284, 18, ' Kota Bima', '2024-08-24 15:47:24', '2024-08-24 15:47:24'),
(285, 18, ' Kota Mataram', '2024-08-24 15:47:24', '2024-08-24 15:47:24'),
(286, 19, ' Kabupaten Alor', '2024-08-24 15:47:24', '2024-08-24 15:47:24'),
(287, 19, ' Kabupaten Belu', '2024-08-24 15:47:24', '2024-08-24 15:47:24'),
(288, 19, ' Kabupaten Ende', '2024-08-24 15:47:24', '2024-08-24 15:47:24'),
(289, 19, ' Kabupaten Flores Timur', '2024-08-24 15:47:24', '2024-08-24 15:47:24'),
(290, 19, ' Kabupaten Kupang', '2024-08-24 15:47:24', '2024-08-24 15:47:24'),
(291, 19, ' Kabupaten Lembata', '2024-08-24 15:47:24', '2024-08-24 15:47:24'),
(292, 19, ' Kabupaten Malaka', '2024-08-24 15:47:24', '2024-08-24 15:47:24'),
(293, 19, ' Kabupaten Manggarai', '2024-08-24 15:47:24', '2024-08-24 15:47:24'),
(294, 19, ' Kabupaten Manggarai Barat', '2024-08-24 15:47:24', '2024-08-24 15:47:24'),
(295, 19, ' Kabupaten Manggarai Timur', '2024-08-24 15:47:24', '2024-08-24 15:47:24'),
(296, 19, ' Kabupaten Ngada', '2024-08-24 15:47:24', '2024-08-24 15:47:24'),
(297, 19, ' Kabupaten Nagekeo', '2024-08-24 15:47:24', '2024-08-24 15:47:24'),
(298, 19, ' Kabupaten Rote Ndao', '2024-08-24 15:47:24', '2024-08-24 15:47:24'),
(299, 19, ' Kabupaten Sabu Raijua', '2024-08-24 15:47:24', '2024-08-24 15:47:24'),
(300, 19, ' Kabupaten Sikka', '2024-08-24 15:47:24', '2024-08-24 15:47:24'),
(301, 19, ' Kabupaten Sumba Barat', '2024-08-24 15:47:24', '2024-08-24 15:47:24'),
(302, 19, ' Kabupaten Sumba Barat Daya', '2024-08-24 15:47:24', '2024-08-24 15:47:24'),
(303, 19, ' Kabupaten Sumba Tengah', '2024-08-24 15:47:24', '2024-08-24 15:47:24'),
(304, 19, ' Kabupaten Sumba Timur', '2024-08-24 15:47:24', '2024-08-24 15:47:24'),
(305, 19, ' Kabupaten Timor Tengah Selatan', '2024-08-24 15:47:24', '2024-08-24 15:47:24'),
(306, 19, ' Kabupaten Timor Tengah Utara', '2024-08-24 15:47:24', '2024-08-24 15:47:24'),
(307, 19, ' Kota Kupang', '2024-08-24 15:47:24', '2024-08-24 15:47:24'),
(308, 20, ' Kabupaten Bengkayang', '2024-08-24 15:47:24', '2024-08-24 15:47:24'),
(309, 20, ' Kabupaten Kapuas Hulu', '2024-08-24 15:47:24', '2024-08-24 15:47:24'),
(310, 20, ' Kabupaten Kayong Utara', '2024-08-24 15:47:24', '2024-08-24 15:47:24'),
(311, 20, ' Kabupaten Ketapang', '2024-08-24 15:47:24', '2024-08-24 15:47:24'),
(312, 20, ' Kabupaten Kubu Raya', '2024-08-24 15:47:24', '2024-08-24 15:47:24'),
(313, 20, ' Kabupaten Landak', '2024-08-24 15:47:24', '2024-08-24 15:47:24'),
(314, 20, ' Kabupaten Melawi', '2024-08-24 15:47:24', '2024-08-24 15:47:24'),
(315, 20, ' Kabupaten Mempawah', '2024-08-24 15:47:24', '2024-08-24 15:47:24'),
(316, 20, ' Kabupaten Sambas', '2024-08-24 15:47:24', '2024-08-24 15:47:24'),
(317, 20, ' Kabupaten Sanggau', '2024-08-24 15:47:24', '2024-08-24 15:47:24'),
(318, 20, ' Kabupaten Sekadau', '2024-08-24 15:47:24', '2024-08-24 15:47:24'),
(319, 20, ' Kabupaten Sintang', '2024-08-24 15:47:24', '2024-08-24 15:47:24'),
(320, 20, ' Kota Pontianak', '2024-08-24 15:47:24', '2024-08-24 15:47:24'),
(321, 20, ' Kota Singkawang', '2024-08-24 15:47:24', '2024-08-24 15:47:24'),
(322, 21, ' Kabupaten Balangan', '2024-08-24 15:47:24', '2024-08-24 15:47:24'),
(323, 21, ' Kabupaten Banjar', '2024-08-24 15:47:24', '2024-08-24 15:47:24'),
(324, 21, ' Kabupaten Barito Kuala', '2024-08-24 15:47:24', '2024-08-24 15:47:24'),
(325, 21, ' Kabupaten Hulu Sungai Selatan', '2024-08-24 15:47:24', '2024-08-24 15:47:24'),
(326, 21, ' Kabupaten Hulu Sungai Tengah', '2024-08-24 15:47:24', '2024-08-24 15:47:24'),
(327, 21, ' Kabupaten Hulu Sungai Utara', '2024-08-24 15:47:24', '2024-08-24 15:47:24'),
(328, 21, ' Kabupaten Kotabaru', '2024-08-24 15:47:24', '2024-08-24 15:47:24'),
(329, 21, ' Kabupaten Tabalong', '2024-08-24 15:47:24', '2024-08-24 15:47:24'),
(330, 21, ' Kabupaten Tanah Bumbu', '2024-08-24 15:47:24', '2024-08-24 15:47:24'),
(331, 21, ' Kabupaten Tanah Laut', '2024-08-24 15:47:24', '2024-08-24 15:47:24'),
(332, 21, ' Kabupaten Tapin', '2024-08-24 15:47:24', '2024-08-24 15:47:24'),
(333, 21, ' Kota Banjarbaru', '2024-08-24 15:47:24', '2024-08-24 15:47:24'),
(334, 21, ' Kota Banjarmasin', '2024-08-24 15:47:24', '2024-08-24 15:47:24'),
(335, 22, ' Kabupaten Barito Selatan', '2024-08-24 15:47:24', '2024-08-24 15:47:24'),
(336, 22, ' Kabupaten Barito Timur', '2024-08-24 15:47:24', '2024-08-24 15:47:24'),
(337, 22, ' Kabupaten Barito Utara', '2024-08-24 15:47:24', '2024-08-24 15:47:24'),
(338, 22, ' Kabupaten Gunung Mas', '2024-08-24 15:47:24', '2024-08-24 15:47:24'),
(339, 22, ' Kabupaten Kapuas', '2024-08-24 15:47:24', '2024-08-24 15:47:24'),
(340, 22, ' Kabupaten Katingan', '2024-08-24 15:47:24', '2024-08-24 15:47:24'),
(341, 22, ' Kabupaten Kotawaringin Barat', '2024-08-24 15:47:24', '2024-08-24 15:47:24'),
(342, 22, ' Kabupaten Kotawaringin Timur', '2024-08-24 15:47:24', '2024-08-24 15:47:24'),
(343, 22, ' Kabupaten Lamandau', '2024-08-24 15:47:24', '2024-08-24 15:47:24'),
(344, 22, ' Kabupaten Murung Raya', '2024-08-24 15:47:24', '2024-08-24 15:47:24'),
(345, 22, ' Kabupaten Pulang Pisau', '2024-08-24 15:47:24', '2024-08-24 15:47:24'),
(346, 22, ' Kabupaten Sukamara', '2024-08-24 15:47:24', '2024-08-24 15:47:24'),
(347, 22, ' Kabupaten Seruyan', '2024-08-24 15:47:24', '2024-08-24 15:47:24'),
(348, 22, ' Kota Palangka Raya', '2024-08-24 15:47:24', '2024-08-24 15:47:24'),
(349, 23, ' Kabupaten Berau', '2024-08-24 15:47:24', '2024-08-24 15:47:24'),
(350, 23, ' Kabupaten Kutai Barat', '2024-08-24 15:47:24', '2024-08-24 15:47:24'),
(351, 23, ' Kabupaten Kutai Kartanegara', '2024-08-24 15:47:24', '2024-08-24 15:47:24'),
(352, 23, ' Kabupaten Kutai Timur', '2024-08-24 15:47:24', '2024-08-24 15:47:24'),
(353, 23, ' Kabupaten Mahakam Ulu', '2024-08-24 15:47:24', '2024-08-24 15:47:24'),
(354, 23, ' Kabupaten Paser', '2024-08-24 15:47:24', '2024-08-24 15:47:24'),
(355, 23, ' Kabupaten Penajam Paser Utara', '2024-08-24 15:47:24', '2024-08-24 15:47:24'),
(356, 23, ' Kota Balikpapan', '2024-08-24 15:47:24', '2024-08-24 15:47:24'),
(357, 23, ' Kota Bontang', '2024-08-24 15:47:24', '2024-08-24 15:47:24'),
(358, 23, ' Kota Samarinda', '2024-08-24 15:47:24', '2024-08-24 15:47:24'),
(359, 24, ' Kabupaten Bulungan', '2024-08-24 15:47:24', '2024-08-24 15:47:24'),
(360, 24, ' Kabupaten Malinau', '2024-08-24 15:47:24', '2024-08-24 15:47:24'),
(361, 24, ' Kabupaten Nunukan', '2024-08-24 15:47:24', '2024-08-24 15:47:24'),
(362, 24, ' Kabupaten Tana Tidung', '2024-08-24 15:47:24', '2024-08-24 15:47:24'),
(363, 24, ' Kota Tarakan', '2024-08-24 15:47:24', '2024-08-24 15:47:24'),
(364, 25, ' Kabupaten Boalemo', '2024-08-24 15:47:24', '2024-08-24 15:47:24'),
(365, 25, ' Kabupaten Bone Bolango', '2024-08-24 15:47:24', '2024-08-24 15:47:24'),
(366, 25, ' Kabupaten Gorontalo', '2024-08-24 15:47:24', '2024-08-24 15:47:24'),
(367, 25, ' Kabupaten Gorontalo Utara', '2024-08-24 15:47:24', '2024-08-24 15:47:24'),
(368, 25, ' Kabupaten Pohuwato', '2024-08-24 15:47:24', '2024-08-24 15:47:24'),
(369, 25, ' Kota Gorontalo', '2024-08-24 15:47:24', '2024-08-24 15:47:24'),
(370, 26, ' Kabupaten Bantaeng', '2024-08-24 15:47:24', '2024-08-24 15:47:24'),
(371, 26, ' Kabupaten Barru', '2024-08-24 15:47:24', '2024-08-24 15:47:24'),
(372, 26, ' Kabupaten Bone', '2024-08-24 15:47:24', '2024-08-24 15:47:24'),
(373, 26, ' Kabupaten Bulukumba', '2024-08-24 15:47:24', '2024-08-24 15:47:24'),
(374, 26, ' Kabupaten Enrekang', '2024-08-24 15:47:24', '2024-08-24 15:47:24'),
(375, 26, ' Kabupaten Gowa', '2024-08-24 15:47:24', '2024-08-24 15:47:24'),
(376, 26, ' Kabupaten Jeneponto', '2024-08-24 15:47:24', '2024-08-24 15:47:24'),
(377, 26, ' Kabupaten Kepulauan Selayar', '2024-08-24 15:47:24', '2024-08-24 15:47:24'),
(378, 26, ' Kabupaten Luwu', '2024-08-24 15:47:24', '2024-08-24 15:47:24'),
(379, 26, ' Kabupaten Luwu Timur', '2024-08-24 15:47:24', '2024-08-24 15:47:24'),
(380, 26, ' Kabupaten Luwu Utara', '2024-08-24 15:47:24', '2024-08-24 15:47:24'),
(381, 26, ' Kabupaten Maros', '2024-08-24 15:47:24', '2024-08-24 15:47:24'),
(382, 26, ' Kabupaten Pangkajene dan Kepulauan', '2024-08-24 15:47:24', '2024-08-24 15:47:24'),
(383, 26, ' Kabupaten Pinrang', '2024-08-24 15:47:24', '2024-08-24 15:47:24'),
(384, 26, ' Kabupaten Sidenreng Rappang', '2024-08-24 15:47:24', '2024-08-24 15:47:24'),
(385, 26, ' Kabupaten Sinjai', '2024-08-24 15:47:24', '2024-08-24 15:47:24'),
(386, 26, ' Kabupaten Soppeng', '2024-08-24 15:47:24', '2024-08-24 15:47:24'),
(387, 26, ' Kabupaten Takalar', '2024-08-24 15:47:24', '2024-08-24 15:47:24'),
(388, 26, ' Kabupaten Tana Toraja', '2024-08-24 15:47:24', '2024-08-24 15:47:24'),
(389, 26, ' Kabupaten Toraja Utara', '2024-08-24 15:47:24', '2024-08-24 15:47:24'),
(390, 26, ' Kabupaten Wajo', '2024-08-24 15:47:24', '2024-08-24 15:47:24'),
(391, 26, ' Kota Makassar', '2024-08-24 15:47:24', '2024-08-24 15:47:24'),
(392, 26, ' Kota Palopo', '2024-08-24 15:47:24', '2024-08-24 15:47:24'),
(393, 26, ' Kota Parepare', '2024-08-24 15:47:24', '2024-08-24 15:47:24'),
(394, 27, ' Kabupaten Bombana', '2024-08-24 15:47:24', '2024-08-24 15:47:24'),
(395, 27, ' Kabupaten Buton', '2024-08-24 15:47:24', '2024-08-24 15:47:24'),
(396, 27, ' Kabupaten Buton Selatan', '2024-08-24 15:47:24', '2024-08-24 15:47:24'),
(397, 27, ' Kabupaten Buton Tengah', '2024-08-24 15:47:24', '2024-08-24 15:47:24'),
(398, 27, ' Kabupaten Buton Utara', '2024-08-24 15:47:24', '2024-08-24 15:47:24'),
(399, 27, ' Kabupaten Kolaka', '2024-08-24 15:47:24', '2024-08-24 15:47:24'),
(400, 27, ' Kabupaten Kolaka Timur', '2024-08-24 15:47:24', '2024-08-24 15:47:24'),
(401, 27, ' Kabupaten Kolaka Utara', '2024-08-24 15:47:24', '2024-08-24 15:47:24'),
(402, 27, ' Kabupaten Konawe', '2024-08-24 15:47:24', '2024-08-24 15:47:24'),
(403, 27, ' Kabupaten Konawe Kepulauan', '2024-08-24 15:47:24', '2024-08-24 15:47:24'),
(404, 27, ' Kabupaten Konawe Selatan', '2024-08-24 15:47:24', '2024-08-24 15:47:24'),
(405, 27, ' Kabupaten Konawe Utara', '2024-08-24 15:47:24', '2024-08-24 15:47:24'),
(406, 27, ' Kabupaten Muna', '2024-08-24 15:47:24', '2024-08-24 15:47:24'),
(407, 27, ' Kabupaten Muna Barat', '2024-08-24 15:47:24', '2024-08-24 15:47:24'),
(408, 27, ' Kabupaten Wakatobi', '2024-08-24 15:47:24', '2024-08-24 15:47:24'),
(409, 27, ' Kota Bau-Bau', '2024-08-24 15:47:24', '2024-08-24 15:47:24'),
(410, 27, ' Kota Kendari', '2024-08-24 15:47:24', '2024-08-24 15:47:24'),
(411, 28, ' Kabupaten Banggai', '2024-08-24 15:47:24', '2024-08-24 15:47:24'),
(412, 28, ' Kabupaten Banggai Kepulauan', '2024-08-24 15:47:24', '2024-08-24 15:47:24'),
(413, 28, ' Kabupaten Banggai Laut', '2024-08-24 15:47:24', '2024-08-24 15:47:24'),
(414, 28, ' Kabupaten Buol', '2024-08-24 15:47:24', '2024-08-24 15:47:24'),
(415, 28, ' Kabupaten Donggala', '2024-08-24 15:47:24', '2024-08-24 15:47:24'),
(416, 28, ' Kabupaten Morowali', '2024-08-24 15:47:24', '2024-08-24 15:47:24'),
(417, 28, ' Kabupaten Morowali Utara', '2024-08-24 15:47:24', '2024-08-24 15:47:24'),
(418, 28, ' Kabupaten Parigi Moutong', '2024-08-24 15:47:24', '2024-08-24 15:47:24'),
(419, 28, ' Kabupaten Poso', '2024-08-24 15:47:24', '2024-08-24 15:47:24'),
(420, 28, ' Kabupaten Sigi', '2024-08-24 15:47:24', '2024-08-24 15:47:24'),
(421, 28, ' Kabupaten Tojo Una-Una', '2024-08-24 15:47:24', '2024-08-24 15:47:24'),
(422, 28, ' Kabupaten Toli-Toli', '2024-08-24 15:47:24', '2024-08-24 15:47:24'),
(423, 28, ' Kota Palu', '2024-08-24 15:47:24', '2024-08-24 15:47:24'),
(424, 29, ' Kabupaten Bolaang Mongondow', '2024-08-24 15:47:24', '2024-08-24 15:47:24'),
(425, 29, ' Kabupaten Bolaang Mongondow Selatan', '2024-08-24 15:47:24', '2024-08-24 15:47:24'),
(426, 29, ' Kabupaten Bolaang Mongondow Timur', '2024-08-24 15:47:24', '2024-08-24 15:47:24'),
(427, 29, ' Kabupaten Bolaang Mongondow Utara', '2024-08-24 15:47:24', '2024-08-24 15:47:24'),
(428, 29, ' Kabupaten Kepulauan Sangihe', '2024-08-24 15:47:24', '2024-08-24 15:47:24'),
(429, 29, ' Kabupaten Kepulauan Siau Tagulandang Biaro', '2024-08-24 15:47:24', '2024-08-24 15:47:24'),
(430, 29, ' Kabupaten Kepulauan Talaud', '2024-08-24 15:47:24', '2024-08-24 15:47:24'),
(431, 29, ' Kabupaten Minahasa', '2024-08-24 15:47:24', '2024-08-24 15:47:24'),
(432, 29, ' Kabupaten Minahasa Selatan', '2024-08-24 15:47:24', '2024-08-24 15:47:24'),
(433, 29, ' Kabupaten Minahasa Tenggara', '2024-08-24 15:47:24', '2024-08-24 15:47:24'),
(434, 29, ' Kabupaten Minahasa Utara', '2024-08-24 15:47:24', '2024-08-24 15:47:24'),
(435, 29, ' Kota Bitung', '2024-08-24 15:47:24', '2024-08-24 15:47:24'),
(436, 29, ' Kota Kotamobagu', '2024-08-24 15:47:24', '2024-08-24 15:47:24'),
(437, 29, ' Kota Manado', '2024-08-24 15:47:24', '2024-08-24 15:47:24'),
(438, 29, ' Kota Tomohon', '2024-08-24 15:47:24', '2024-08-24 15:47:24'),
(439, 30, ' Kabupaten Majene', '2024-08-24 15:47:24', '2024-08-24 15:47:24'),
(440, 30, ' Kabupaten Mamasa', '2024-08-24 15:47:24', '2024-08-24 15:47:24'),
(441, 30, ' Kabupaten Mamuju', '2024-08-24 15:47:24', '2024-08-24 15:47:24'),
(442, 30, ' Kabupaten Mamuju Tengah', '2024-08-24 15:47:24', '2024-08-24 15:47:24'),
(443, 30, ' Kabupaten Mamuju Utara', '2024-08-24 15:47:24', '2024-08-24 15:47:24'),
(444, 30, ' Kabupaten Polewali Mandar', '2024-08-24 15:47:24', '2024-08-24 15:47:24'),
(445, 30, ' Kota Mamuju', '2024-08-24 15:47:24', '2024-08-24 15:47:24'),
(446, 31, ' Kabupaten Buru', '2024-08-24 15:47:24', '2024-08-24 15:47:24'),
(447, 31, ' Kabupaten Buru Selatan', '2024-08-24 15:47:24', '2024-08-24 15:47:24'),
(448, 31, ' Kabupaten Kepulauan Aru', '2024-08-24 15:47:24', '2024-08-24 15:47:24'),
(449, 31, ' Kabupaten Maluku Barat Daya', '2024-08-24 15:47:24', '2024-08-24 15:47:24'),
(450, 31, ' Kabupaten Maluku Tengah', '2024-08-24 15:47:24', '2024-08-24 15:47:24'),
(451, 31, ' Kabupaten Maluku Tenggara', '2024-08-24 15:47:24', '2024-08-24 15:47:24'),
(452, 31, ' Kabupaten Maluku Tenggara Barat', '2024-08-24 15:47:24', '2024-08-24 15:47:24'),
(453, 31, ' Kabupaten Seram Bagian Barat', '2024-08-24 15:47:24', '2024-08-24 15:47:24'),
(454, 31, ' Kabupaten Seram Bagian Timur', '2024-08-24 15:47:24', '2024-08-24 15:47:24'),
(455, 31, ' Kota Ambon', '2024-08-24 15:47:24', '2024-08-24 15:47:24'),
(456, 31, ' Kota Tual', '2024-08-24 15:47:24', '2024-08-24 15:47:24'),
(457, 32, ' Kabupaten Halmahera Barat', '2024-08-24 15:47:24', '2024-08-24 15:47:24'),
(458, 32, ' Kabupaten Halmahera Tengah', '2024-08-24 15:47:24', '2024-08-24 15:47:24'),
(459, 32, ' Kabupaten Halmahera Utara', '2024-08-24 15:47:24', '2024-08-24 15:47:24'),
(460, 32, ' Kabupaten Halmahera Selatan', '2024-08-24 15:47:24', '2024-08-24 15:47:24'),
(461, 32, ' Kabupaten Kepulauan Sula', '2024-08-24 15:47:24', '2024-08-24 15:47:24'),
(462, 32, ' Kabupaten Halmahera Timur', '2024-08-24 15:47:24', '2024-08-24 15:47:24'),
(463, 32, ' Kabupaten Pulau Morotai', '2024-08-24 15:47:24', '2024-08-24 15:47:24'),
(464, 32, ' Kabupaten Pulau Taliabu', '2024-08-24 15:47:24', '2024-08-24 15:47:24'),
(465, 32, ' Kota Ternate', '2024-08-24 15:47:24', '2024-08-24 15:47:24'),
(466, 32, ' Kota Tidore Kepulauan', '2024-08-24 15:47:24', '2024-08-24 15:47:24'),
(467, 33, ' Kabupaten Asmat', '2024-08-24 15:47:24', '2024-08-24 15:47:24'),
(468, 33, ' Kabupaten Biak Numfor', '2024-08-24 15:47:24', '2024-08-24 15:47:24'),
(469, 33, ' Kabupaten Boven Digoel', '2024-08-24 15:47:24', '2024-08-24 15:47:24'),
(470, 33, ' Kabupaten Deiyai', '2024-08-24 15:47:24', '2024-08-24 15:47:24'),
(471, 33, ' Kabupaten Dogiyai', '2024-08-24 15:47:24', '2024-08-24 15:47:24'),
(472, 33, ' Kabupaten Intan Jaya', '2024-08-24 15:47:24', '2024-08-24 15:47:24'),
(473, 33, ' Kabupaten Jayapura', '2024-08-24 15:47:24', '2024-08-24 15:47:24'),
(474, 33, ' Kabupaten Jayawijaya', '2024-08-24 15:47:24', '2024-08-24 15:47:24'),
(475, 33, ' Kabupaten Keerom', '2024-08-24 15:47:24', '2024-08-24 15:47:24'),
(476, 33, ' Kabupaten Kepulauan Yapen', '2024-08-24 15:47:24', '2024-08-24 15:47:24'),
(477, 33, ' Kabupaten Lanny Jaya', '2024-08-24 15:47:24', '2024-08-24 15:47:24'),
(478, 33, ' Kabupaten Mamberamo Raya', '2024-08-24 15:47:24', '2024-08-24 15:47:24'),
(479, 33, ' Kabupaten Mamberamo Tengah', '2024-08-24 15:47:24', '2024-08-24 15:47:24'),
(480, 33, ' Kabupaten Mappi', '2024-08-24 15:47:24', '2024-08-24 15:47:24'),
(481, 33, ' Kabupaten Merauke', '2024-08-24 15:47:24', '2024-08-24 15:47:24'),
(482, 33, ' Kabupaten Mimika', '2024-08-24 15:47:24', '2024-08-24 15:47:24'),
(483, 33, ' Kabupaten Nabire', '2024-08-24 15:47:24', '2024-08-24 15:47:24'),
(484, 33, ' Kabupaten Nduga', '2024-08-24 15:47:24', '2024-08-24 15:47:24'),
(485, 33, ' Kabupaten Paniai', '2024-08-24 15:47:24', '2024-08-24 15:47:24'),
(486, 33, ' Kabupaten Pegunungan Bintang', '2024-08-24 15:47:24', '2024-08-24 15:47:24'),
(487, 33, ' Kabupaten Puncak', '2024-08-24 15:47:24', '2024-08-24 15:47:24'),
(488, 33, ' Kabupaten Puncak Jaya', '2024-08-24 15:47:24', '2024-08-24 15:47:24'),
(489, 33, ' Kabupaten Sarmi', '2024-08-24 15:47:24', '2024-08-24 15:47:24'),
(490, 33, ' Kabupaten Supiori', '2024-08-24 15:47:24', '2024-08-24 15:47:24'),
(491, 33, ' Kabupaten Tolikara', '2024-08-24 15:47:24', '2024-08-24 15:47:24'),
(492, 33, ' Kabupaten Waropen', '2024-08-24 15:47:24', '2024-08-24 15:47:24'),
(493, 33, ' Kabupaten Yahukimo', '2024-08-24 15:47:24', '2024-08-24 15:47:24'),
(494, 33, ' Kabupaten Yalimo', '2024-08-24 15:47:24', '2024-08-24 15:47:24'),
(495, 33, ' Kota Jayapura', '2024-08-24 15:47:24', '2024-08-24 15:47:24'),
(496, 34, ' Kabupaten Fakfak', '2024-08-24 15:47:24', '2024-08-24 15:47:24'),
(497, 34, ' Kabupaten Kaimana', '2024-08-24 15:47:24', '2024-08-24 15:47:24'),
(498, 34, ' Kabupaten Manokwari', '2024-08-24 15:47:24', '2024-08-24 15:47:24'),
(499, 34, ' Kabupaten Manokwari Selatan', '2024-08-24 15:47:24', '2024-08-24 15:47:24'),
(500, 34, ' Kabupaten Maybrat', '2024-08-24 15:47:24', '2024-08-24 15:47:24'),
(501, 34, ' Kabupaten Pegunungan Arfak', '2024-08-24 15:47:24', '2024-08-24 15:47:24'),
(502, 34, ' Kabupaten Raja Ampat', '2024-08-24 15:47:24', '2024-08-24 15:47:24'),
(503, 34, ' Kabupaten Sorong', '2024-08-24 15:47:24', '2024-08-24 15:47:24'),
(504, 34, ' Kabupaten Sorong Selatan', '2024-08-24 15:47:24', '2024-08-24 15:47:24'),
(505, 34, ' Kabupaten Tambrauw', '2024-08-24 15:47:24', '2024-08-24 15:47:24'),
(506, 34, ' Kabupaten Teluk Bintuni', '2024-08-24 15:47:24', '2024-08-24 15:47:24'),
(507, 34, ' Kabupaten Teluk Wondama', '2024-08-24 15:47:24', '2024-08-24 15:47:24');

-- --------------------------------------------------------

--
-- Table structure for table `migrations`
--

CREATE TABLE `migrations` (
  `id` int(10) UNSIGNED NOT NULL,
  `migration` varchar(255) NOT NULL,
  `batch` int(11) NOT NULL
) ENGINE=InnoDB DEFAULT CHARSET=utf8mb4 COLLATE=utf8mb4_unicode_ci;

--
-- Dumping data for table `migrations`
--

INSERT INTO `migrations` (`id`, `migration`, `batch`) VALUES
(1, '2014_10_12_000000_create_users_table', 1),
(2, '2014_10_12_100000_create_password_reset_tokens_table', 1),
(3, '2019_08_19_000000_create_failed_jobs_table', 1),
(4, '2019_12_14_000001_create_personal_access_tokens_table', 1),
(5, '2023_08_24_082049_formulir', 1),
(6, '2023_08_24_082841_admin_account', 1),
(7, '2023_08_25_063943_provinsi', 1),
(8, '2023_08_25_065431_kota', 1),
(9, '2023_08_25_074629_agama', 1);

-- --------------------------------------------------------

--
-- Table structure for table `password_reset_tokens`
--

CREATE TABLE `password_reset_tokens` (
  `email` varchar(255) NOT NULL,
  `token` varchar(255) NOT NULL,
  `created_at` timestamp NULL DEFAULT NULL
) ENGINE=InnoDB DEFAULT CHARSET=utf8mb4 COLLATE=utf8mb4_unicode_ci;

-- --------------------------------------------------------

--
-- Table structure for table `personal_access_tokens`
--

CREATE TABLE `personal_access_tokens` (
  `id` bigint(20) UNSIGNED NOT NULL,
  `tokenable_type` varchar(255) NOT NULL,
  `tokenable_id` bigint(20) UNSIGNED NOT NULL,
  `name` varchar(255) NOT NULL,
  `token` varchar(64) NOT NULL,
  `abilities` text DEFAULT NULL,
  `last_used_at` timestamp NULL DEFAULT NULL,
  `expires_at` timestamp NULL DEFAULT NULL,
  `created_at` timestamp NULL DEFAULT NULL,
  `updated_at` timestamp NULL DEFAULT NULL
) ENGINE=InnoDB DEFAULT CHARSET=utf8mb4 COLLATE=utf8mb4_unicode_ci;

-- --------------------------------------------------------

--
-- Table structure for table `provinsi`
--

CREATE TABLE `provinsi` (
  `id` bigint(20) UNSIGNED NOT NULL,
  `nama` varchar(255) NOT NULL,
  `created_at` timestamp NULL DEFAULT NULL,
  `updated_at` timestamp NULL DEFAULT NULL
) ENGINE=InnoDB DEFAULT CHARSET=utf8mb4 COLLATE=utf8mb4_unicode_ci;

--
-- Dumping data for table `provinsi`
--

INSERT INTO `provinsi` (`id`, `nama`, `created_at`, `updated_at`) VALUES
(1, 'NAD Aceh', '2024-08-24 15:47:15', '2024-08-24 15:47:15'),
(2, 'Sumatera Utara (SUMUT)', '2024-08-24 15:47:15', '2024-08-24 15:47:15'),
(3, 'Sumatera Barat (SUMBAR)', '2024-08-24 15:47:15', '2024-08-24 15:47:15'),
(4, 'Sumatera Selatan (SUMSEL)', '2024-08-24 15:47:15', '2024-08-24 15:47:15'),
(5, 'RIAU', '2024-08-24 15:47:15', '2024-08-24 15:47:15'),
(6, 'Kepulauan Riau (KEPRI)', '2024-08-24 15:47:15', '2024-08-24 15:47:15'),
(7, 'Jambi', '2024-08-24 15:47:15', '2024-08-24 15:47:15'),
(8, 'Bengkulu', '2024-08-24 15:47:15', '2024-08-24 15:47:15'),
(9, 'Bangka Belitung (BABEL)', '2024-08-24 15:47:15', '2024-08-24 15:47:15'),
(10, 'Lampung', '2024-08-24 15:47:15', '2024-08-24 15:47:15'),
(11, 'Banten', '2024-08-24 15:47:15', '2024-08-24 15:47:15'),
(12, 'Jawa Barat (JABAR)', '2024-08-24 15:47:15', '2024-08-24 15:47:15'),
(13, 'Jawa Tengah (JATENG)', '2024-08-24 15:47:15', '2024-08-24 15:47:15'),
(14, 'Jawa Timur (JATIM)', '2024-08-24 15:47:15', '2024-08-24 15:47:15'),
(15, 'DKI Jakarta', '2024-08-24 15:47:15', '2024-08-24 15:47:15'),
(16, 'Daerah Istimewa Yogyakarta', '2024-08-24 15:47:15', '2024-08-24 15:47:15'),
(17, 'Bali', '2024-08-24 15:47:15', '2024-08-24 15:47:15'),
(18, 'Nusa Tenggara Barat (NTB)', '2024-08-24 15:47:15', '2024-08-24 15:47:15'),
(19, 'Nusa Tenggara Timur (NTT)', '2024-08-24 15:47:15', '2024-08-24 15:47:15'),
(20, 'Kalimantan Barat (KALBAR)', '2024-08-24 15:47:15', '2024-08-24 15:47:15'),
(21, 'Kalimantan Selatan (KALSEL)', '2024-08-24 15:47:15', '2024-08-24 15:47:15'),
(22, 'Kalimantan Tengah (KALTENG)', '2024-08-24 15:47:15', '2024-08-24 15:47:15'),
(23, 'Kalimantan Timur (KALTIM)', '2024-08-24 15:47:15', '2024-08-24 15:47:15'),
(24, 'Kalimantan Utara (KALTARA)', '2024-08-24 15:47:15', '2024-08-24 15:47:15'),
(25, 'Gorontalo', '2024-08-24 15:47:15', '2024-08-24 15:47:15'),
(26, 'Sulawesi Selatan (SULSEL)', '2024-08-24 15:47:15', '2024-08-24 15:47:15'),
(27, 'Sulawesi Tenggara (SULTRA)', '2024-08-24 15:47:15', '2024-08-24 15:47:15'),
(28, 'Sulawesi Tengah (SULTENG)', '2024-08-24 15:47:15', '2024-08-24 15:47:15'),
(29, 'Sulawesi Utara (SULUT)', '2024-08-24 15:47:15', '2024-08-24 15:47:15'),
(30, 'Sulawesi Barat (SULBAR)', '2024-08-24 15:47:15', '2024-08-24 15:47:15'),
(31, 'Maluku', '2024-08-24 15:47:15', '2024-08-24 15:47:15'),
(32, 'Maluku Utara', '2024-08-24 15:47:15', '2024-08-24 15:47:15'),
(33, 'Papua', '2024-08-24 15:47:15', '2024-08-24 15:47:15'),
(34, 'Papua Barat', '2024-08-24 15:47:15', '2024-08-24 15:47:15');

-- --------------------------------------------------------

--
-- Table structure for table `users`
--

CREATE TABLE `users` (
  `id` bigint(20) UNSIGNED NOT NULL,
  `name` varchar(255) NOT NULL,
  `email` varchar(255) NOT NULL,
  `email_verified_at` timestamp NULL DEFAULT NULL,
  `password` varchar(255) NOT NULL,
  `id_role` bigint(20) NOT NULL,
  `remember_token` varchar(100) DEFAULT NULL,
  `created_at` timestamp NULL DEFAULT NULL,
  `updated_at` timestamp NULL DEFAULT NULL
) ENGINE=InnoDB DEFAULT CHARSET=utf8mb4 COLLATE=utf8mb4_unicode_ci;

--
-- Dumping data for table `users`
--

INSERT INTO `users` (`id`, `name`, `email`, `email_verified_at`, `password`, `id_role`, `remember_token`, `created_at`, `updated_at`) VALUES
(1, 'user', 'user@gmail.com', NULL, '$2y$10$H7PI1aAdu/yl6WxKHRVFh.oZkxlfRF3zbKpWXBnQcHJLMazAN4jea', 1, NULL, '2024-08-24 15:45:08', '2024-08-24 15:45:08'),
(2, 'admin', 'admin@gmail.com', NULL, '$2y$10$H7PI1aAdu/yl6WxKHRVFh.oZkxlfRF3zbKpWXBnQcHJLMazAN4jea', 2, NULL, '2024-08-24 23:02:18', '2024-08-24 23:02:18');

--
-- Indexes for dumped tables
--

--
-- Indexes for table `admin_account`
--
ALTER TABLE `admin_account`
  ADD PRIMARY KEY (`id`);

--
-- Indexes for table `agama`
--
ALTER TABLE `agama`
  ADD PRIMARY KEY (`id`);

--
-- Indexes for table `failed_jobs`
--
ALTER TABLE `failed_jobs`
  ADD PRIMARY KEY (`id`),
  ADD UNIQUE KEY `failed_jobs_uuid_unique` (`uuid`);

--
-- Indexes for table `formulir`
--
ALTER TABLE `formulir`
  ADD PRIMARY KEY (`id`),
  ADD KEY `formulir_id_users_foreign` (`id_users`);

--
-- Indexes for table `kota`
--
ALTER TABLE `kota`
  ADD PRIMARY KEY (`id`),
  ADD KEY `kota_id_provinsi_foreign` (`id_provinsi`);

--
-- Indexes for table `migrations`
--
ALTER TABLE `migrations`
  ADD PRIMARY KEY (`id`);

--
-- Indexes for table `password_reset_tokens`
--
ALTER TABLE `password_reset_tokens`
  ADD PRIMARY KEY (`email`);

--
-- Indexes for table `personal_access_tokens`
--
ALTER TABLE `personal_access_tokens`
  ADD PRIMARY KEY (`id`),
  ADD UNIQUE KEY `personal_access_tokens_token_unique` (`token`),
  ADD KEY `personal_access_tokens_tokenable_type_tokenable_id_index` (`tokenable_type`,`tokenable_id`);

--
-- Indexes for table `provinsi`
--
ALTER TABLE `provinsi`
  ADD PRIMARY KEY (`id`);

--
-- Indexes for table `users`
--
ALTER TABLE `users`
  ADD PRIMARY KEY (`id`),
  ADD UNIQUE KEY `users_email_unique` (`email`);

--
-- AUTO_INCREMENT for dumped tables
--

--
-- AUTO_INCREMENT for table `admin_account`
--
ALTER TABLE `admin_account`
  MODIFY `id` bigint(20) UNSIGNED NOT NULL AUTO_INCREMENT, AUTO_INCREMENT=2;

--
-- AUTO_INCREMENT for table `agama`
--
ALTER TABLE `agama`
  MODIFY `id` bigint(20) UNSIGNED NOT NULL AUTO_INCREMENT, AUTO_INCREMENT=7;

--
-- AUTO_INCREMENT for table `failed_jobs`
--
ALTER TABLE `failed_jobs`
  MODIFY `id` bigint(20) UNSIGNED NOT NULL AUTO_INCREMENT;

--
-- AUTO_INCREMENT for table `formulir`
--
ALTER TABLE `formulir`
  MODIFY `id` bigint(20) UNSIGNED NOT NULL AUTO_INCREMENT, AUTO_INCREMENT=5;

--
-- AUTO_INCREMENT for table `kota`
--
ALTER TABLE `kota`
  MODIFY `id` bigint(20) UNSIGNED NOT NULL AUTO_INCREMENT, AUTO_INCREMENT=508;

--
-- AUTO_INCREMENT for table `migrations`
--
ALTER TABLE `migrations`
  MODIFY `id` int(10) UNSIGNED NOT NULL AUTO_INCREMENT, AUTO_INCREMENT=10;

--
-- AUTO_INCREMENT for table `personal_access_tokens`
--
ALTER TABLE `personal_access_tokens`
  MODIFY `id` bigint(20) UNSIGNED NOT NULL AUTO_INCREMENT;

--
-- AUTO_INCREMENT for table `provinsi`
--
ALTER TABLE `provinsi`
  MODIFY `id` bigint(20) UNSIGNED NOT NULL AUTO_INCREMENT, AUTO_INCREMENT=35;

--
-- AUTO_INCREMENT for table `users`
--
ALTER TABLE `users`
  MODIFY `id` bigint(20) UNSIGNED NOT NULL AUTO_INCREMENT, AUTO_INCREMENT=3;

--
-- Constraints for dumped tables
--

--
-- Constraints for table `formulir`
--
ALTER TABLE `formulir`
  ADD CONSTRAINT `formulir_id_users_foreign` FOREIGN KEY (`id_users`) REFERENCES `users` (`id`) ON DELETE CASCADE;

--
-- Constraints for table `kota`
--
ALTER TABLE `kota`
  ADD CONSTRAINT `kota_id_provinsi_foreign` FOREIGN KEY (`id_provinsi`) REFERENCES `provinsi` (`id`);
COMMIT;

/*!40101 SET CHARACTER_SET_CLIENT=@OLD_CHARACTER_SET_CLIENT */;
/*!40101 SET CHARACTER_SET_RESULTS=@OLD_CHARACTER_SET_RESULTS */;
/*!40101 SET COLLATION_CONNECTION=@OLD_COLLATION_CONNECTION */;
